period_month,electricity_commercial_tj,electricity_domestic_tj,electricity_industrial_tj,electricity_street_lighting_tj,electricity_total_tj,gas_total_tj,electricity_export_to_mainland_tj
1979-01-01,918.0,507.0,985.0,11.0,2421.0,253.0,
1979-02-01,970.0,544.0,891.0,11.0,2415.0,268.0,
1979-03-01,995.0,520.0,1076.0,10.0,2601.0,264.0,
1979-04-01,1030.0,548.0,1088.0,10.0,2676.0,263.0,
1979-05-01,1145.0,578.0,1210.0,10.0,2943.0,244.0,
1979-06-01,1220.0,642.0,1257.0,8.0,3127.0,255.0,
1979-07-01,1373.0,822.0,1342.0,10.0,3547.0,239.0,
1979-08-01,1385.0,893.0,1354.0,9.0,3641.0,224.0,
1979-09-01,1331.0,824.0,1283.0,9.0,3447.0,233.0,
1979-10-01,1241.0,644.0,1268.0,10.0,3163.0,238.0,
1979-11-01,1134.0,527.0,1217.0,10.0,2888.0,263.0,
1979-12-01,1020.0,508.0,1154.0,11.0,2693.0,277.0,
1980-01-01,1064.0,558.0,1185.0,12.0,2819.0,314.0,
1980-02-01,954.0,564.0,893.0,12.0,2423.0,321.0,
1980-03-01,1006.0,535.0,1034.0,11.0,2586.0,310.0,
1980-04-01,1168.0,560.0,1260.0,11.0,2999.0,324.0,
1980-05-01,1279.0,582.0,1342.0,10.0,3213.0,291.0,
1980-06-01,1418.0,738.0,1315.0,10.0,3481.0,286.0,
1980-07-01,1618.0,1044.0,1447.0,10.0,4119.0,265.0,
1980-08-01,1556.0,983.0,1425.0,10.0,3974.0,256.0,
1980-09-01,1559.0,945.0,1383.0,11.0,3898.0,257.0,
1980-10-01,1519.0,764.0,1366.0,11.0,3660.0,278.0,
1980-11-01,1302.0,608.0,1253.0,12.0,3175.0,299.0,
1980-12-01,1205.0,533.0,1223.0,12.0,2973.0,323.0,
1981-01-01,1155.0,599.0,1163.0,12.0,2929.0,363.0,
1981-02-01,1106.0,585.0,855.0,13.0,2559.0,378.0,
1981-03-01,1180.0,546.0,1120.0,12.0,2858.0,335.0,
1981-04-01,1364.0,612.0,1247.0,11.0,3234.0,343.0,
1981-05-01,1488.0,681.0,1376.0,11.0,3556.0,329.0,
1981-06-01,1568.0,736.0,1404.0,11.0,3719.0,333.0,
1981-07-01,1735.0,967.0,1466.0,11.0,4179.0,315.0,
1981-08-01,1721.0,1049.0,1458.0,11.0,4239.0,311.0,
1981-09-01,1759.0,1029.0,1498.0,12.0,4298.0,308.0,
1981-10-01,1642.0,786.0,1388.0,12.0,3828.0,311.0,
1981-11-01,1377.0,595.0,1252.0,12.0,3236.0,344.0,
1981-12-01,1246.0,550.0,1181.0,13.0,2990.0,364.0,
1982-01-01,1209.0,587.0,996.0,13.0,2805.0,408.0,
1982-02-01,1192.0,611.0,916.0,14.0,2733.0,423.0,
1982-03-01,1343.0,579.0,1171.0,12.0,3105.0,419.0,
1982-04-01,1423.0,625.0,1234.0,12.0,3294.0,393.0,
1982-05-01,1638.0,659.0,1367.0,12.0,3676.0,388.0,
1982-06-01,1854.0,788.0,1406.0,11.0,4059.0,386.0,
1982-07-01,2040.0,1011.0,1514.0,11.0,4576.0,382.0,
1982-08-01,1980.0,1137.0,1456.0,12.0,4585.0,376.0,
1982-09-01,2085.0,1074.0,1478.0,13.0,4650.0,378.0,
1982-10-01,1901.0,863.0,1350.0,13.0,4127.0,391.0,
1982-11-01,1779.0,693.0,1343.0,17.0,3832.0,444.0,
1982-12-01,1508.0,601.0,1207.0,13.0,3329.0,471.0,
1983-01-01,1458.0,678.0,1134.0,15.0,3285.0,512.0,
1983-02-01,1409.0,691.0,906.0,15.0,3021.0,547.0,
1983-03-01,1486.0,693.0,1065.0,14.0,3258.0,517.0,
1983-04-01,1731.0,753.0,1295.0,14.0,3793.0,524.0,
1983-05-01,1946.0,747.0,1444.0,13.0,4150.0,499.0,
1983-06-01,2139.0,972.0,1561.0,14.0,4686.0,474.0,
1983-07-01,2276.0,1260.0,1656.0,13.0,5205.0,455.0,
1983-08-01,2307.0,1251.0,1688.0,14.0,5260.0,436.0,
1983-09-01,2333.0,1234.0,1620.0,14.0,5201.0,431.0,
1983-10-01,2194.0,1053.0,1554.0,14.0,4815.0,459.0,
1983-11-01,1917.0,723.0,1489.0,15.0,4144.0,515.0,
1983-12-01,1653.0,631.0,1409.0,15.0,3708.0,555.0,
1984-01-01,1617.0,752.0,1342.0,17.0,3728.0,615.0,
1984-02-01,1546.0,783.0,1049.0,17.0,3395.0,633.0,
1984-03-01,1649.0,681.0,1314.0,17.0,3661.0,618.0,
1984-04-01,1790.0,714.0,1417.0,18.0,3939.0,590.0,
1984-05-01,2028.0,751.0,1635.0,17.0,4431.0,577.0,
1984-06-01,2314.0,1013.0,1674.0,15.0,5016.0,558.0,
1984-07-01,2455.0,1206.0,1783.0,14.0,5458.0,536.0,
1984-08-01,2509.0,1298.0,1843.0,15.0,5665.0,510.0,
1984-09-01,2418.0,1213.0,1742.0,16.0,5389.0,515.0,
1984-10-01,2352.0,985.0,1702.0,14.0,5053.0,531.0,
1984-11-01,2082.0,740.0,1593.0,18.0,4433.0,592.0,
1984-12-01,1850.0,680.0,1451.0,18.0,3999.0,631.0,
1985-01-01,1820.0,825.0,1417.0,19.0,4081.0,714.0,
1985-02-01,1620.0,720.0,1094.0,18.0,3452.0,752.0,
1985-03-01,1728.0,766.0,1138.0,20.0,3652.0,717.0,
1985-04-01,1900.0,770.0,1413.0,19.0,4102.0,735.0,
1985-05-01,2364.0,877.0,1675.0,18.0,4934.0,670.0,
1985-06-01,2403.0,1096.0,1681.0,16.0,5196.0,623.0,
1985-07-01,2607.0,1215.0,1786.0,15.0,5623.0,586.0,
1985-08-01,2810.0,1411.0,1900.0,16.0,6137.0,581.0,
1985-09-01,2535.0,1207.0,1697.0,17.0,5456.0,581.0,
1985-10-01,2636.0,1022.0,1789.0,16.0,5463.0,632.0,
1985-11-01,2364.0,867.0,1710.0,17.0,4958.0,664.0,
1985-12-01,2007.0,743.0,1520.0,18.0,4288.0,724.0,
1986-01-01,2054.0,844.0,1534.0,17.0,4449.0,811.0,
1986-02-01,1745.0,803.0,1081.0,18.0,3647.0,843.0,
1986-03-01,1744.0,769.0,1284.0,18.0,3815.0,754.0,
1986-04-01,2321.0,861.0,1762.0,18.0,4962.0,744.0,
1986-05-01,2558.0,901.0,1861.0,18.0,5338.0,762.0,
1986-06-01,2743.0,1213.0,1949.0,18.0,5923.0,747.0,
1986-07-01,2961.0,1520.0,2094.0,18.0,6593.0,688.0,
1986-08-01,2914.0,1537.0,2108.0,18.0,6577.0,668.0,
1986-09-01,2945.0,1616.0,2085.0,18.0,6664.0,677.0,
1986-10-01,2699.0,1121.0,2023.0,18.0,5861.0,698.0,
1986-11-01,2339.0,858.0,1827.0,18.0,5042.0,785.0,
1986-12-01,2156.0,765.0,1784.0,18.0,4723.0,865.0,
1987-01-01,2074.0,842.0,1629.0,18.0,4563.0,954.0,
1987-02-01,2151.0,840.0,1393.0,18.0,4402.0,924.0,
1987-03-01,2280.0,803.0,1785.0,18.0,4886.0,846.0,
1987-04-01,2483.0,904.0,1909.0,18.0,5314.0,829.0,
1987-05-01,2684.0,987.0,2075.0,18.0,5764.0,901.0,
1987-06-01,2906.0,1222.0,2139.0,19.0,6286.0,896.0,
1987-07-01,3290.0,1749.0,2339.0,19.0,7397.0,864.0,
1987-08-01,3099.0,1744.0,2262.0,19.0,7124.0,813.0,
1987-09-01,3313.0,1775.0,2389.0,19.0,7496.0,800.0,
1987-10-01,3019.0,1258.0,2172.0,19.0,6468.0,857.0,
1987-11-01,2717.0,998.0,2035.0,19.0,5769.0,912.0,
1987-12-01,2386.0,900.0,1851.0,19.0,5156.0,987.0,
1988-01-01,2391.0,916.0,1816.0,19.0,5142.0,1102.0,
1988-02-01,2187.0,829.0,1477.0,19.0,4512.0,1054.0,
1988-03-01,2388.0,976.0,1664.0,19.0,5047.0,1066.0,
1988-04-01,2547.0,1017.0,1953.0,18.0,5535.0,1059.0,
1988-05-01,3024.0,1180.0,2203.0,19.0,6426.0,1030.0,
1988-06-01,3336.0,1645.0,2331.0,18.0,7330.0,1029.0,
1988-07-01,3472.0,2037.0,2385.0,19.0,7913.0,955.0,
1988-08-01,3413.0,1962.0,2412.0,19.0,7806.0,875.0,
1988-09-01,3536.0,1956.0,2417.0,19.0,7928.0,898.0,
1988-10-01,3169.0,1351.0,2243.0,19.0,6782.0,978.0,
1988-11-01,2807.0,963.0,2050.0,19.0,5839.0,1053.0,
1988-12-01,2549.0,881.0,1926.0,19.0,5375.0,1148.0,
1989-01-01,2623.0,1013.0,1915.0,20.0,5571.0,1264.0,
1989-02-01,2329.0,1023.0,1331.0,20.0,4703.0,1265.0,
1989-03-01,2570.0,903.0,1826.0,20.0,5319.0,1198.0,
1989-04-01,2841.0,1037.0,2006.0,20.0,5904.0,1154.0,
1989-05-01,3203.0,1142.0,2185.0,20.0,6550.0,1104.0,
1989-06-01,3535.0,1599.0,2317.0,20.0,7471.0,1092.0,
1989-07-01,3762.0,2134.0,2457.0,20.0,8373.0,1065.0,
1989-08-01,3763.0,2171.0,2468.0,20.0,8422.0,1038.0,
1989-09-01,3918.0,2370.0,2455.0,20.0,8763.0,1029.0,
1989-10-01,3535.0,1647.0,2289.0,20.0,7491.0,1054.0,
1989-11-01,3247.0,1090.0,2091.0,20.0,6448.0,1145.0,
1989-12-01,2772.0,946.0,1838.0,20.0,5576.0,1262.0,
1990-01-01,2739.0,1069.0,1729.0,20.0,5557.0,1349.0,
1990-02-01,2657.0,1117.0,1394.0,20.0,5188.0,1339.0,
1990-03-01,2830.0,1045.0,1865.0,21.0,5761.0,1345.0,
1990-04-01,3078.0,1093.0,1971.0,21.0,6163.0,1282.0,
1990-05-01,3382.0,1194.0,2140.0,20.0,6736.0,1231.0,
1990-06-01,3901.0,1640.0,2362.0,21.0,7924.0,1282.0,
1990-07-01,4164.0,2537.0,2421.0,21.0,9143.0,1207.0,
1990-08-01,4242.0,2665.0,2479.0,21.0,9407.0,1138.0,
1990-09-01,4101.0,2697.0,2369.0,21.0,9188.0,1118.0,
1990-10-01,3836.0,1772.0,2216.0,21.0,7845.0,1101.0,
1990-11-01,3594.0,1202.0,2113.0,21.0,6930.0,1274.0,
1990-12-01,3056.0,1007.0,1873.0,21.0,5957.0,1391.0,
1991-01-01,3198.0,1130.0,1898.0,21.0,6247.0,1505.0,
1991-02-01,2766.0,1057.0,1385.0,21.0,5229.0,1442.0,
1991-03-01,2994.0,1065.0,1624.0,21.0,5704.0,1344.0,
1991-04-01,3603.0,1236.0,2159.0,21.0,7019.0,1360.0,
1991-05-01,3909.0,1361.0,2245.0,21.0,7536.0,1314.0,
1991-06-01,4170.0,2403.0,2319.0,21.0,8913.0,1342.0,
1991-07-01,4494.0,2630.0,2444.0,22.0,9590.0,1262.0,
1991-08-01,4576.0,2762.0,2455.0,22.0,9815.0,1220.0,
1991-09-01,4343.0,2629.0,2298.0,22.0,9292.0,1261.0,
1991-10-01,4238.0,2048.0,2304.0,22.0,8612.0,1280.0,
1991-11-01,3623.0,1230.0,2069.0,22.0,6944.0,1381.0,
1991-12-01,3330.0,1036.0,1850.0,22.0,6238.0,1525.0,
1992-01-01,3398.0,1301.0,1891.0,22.0,6612.0,1680.0,
1992-02-01,3005.0,1255.0,1337.0,22.0,5619.0,1685.0,
1992-03-01,3258.0,1183.0,1789.0,22.0,6252.0,1588.0,
1992-04-01,3552.0,1239.0,1918.0,23.0,6732.0,1518.0,
1992-05-01,4091.0,1540.0,2162.0,23.0,7816.0,1470.0,
1992-06-01,4333.0,1827.0,2207.0,23.0,8390.0,1461.0,
1992-07-01,4757.0,2602.0,2352.0,22.0,9733.0,1427.0,
1992-08-01,4611.0,2918.0,2250.0,23.0,9802.0,1428.0,
1992-09-01,4998.0,3207.0,2376.0,23.0,10604.0,1417.0,
1992-10-01,4543.0,2286.0,2168.0,23.0,9020.0,1376.0,
1992-11-01,3735.0,1218.0,1888.0,23.0,6864.0,1526.0,
1992-12-01,3689.0,1140.0,1857.0,23.0,6709.0,1631.0,
1993-01-01,3565.0,1305.0,1560.0,23.0,6453.0,1732.0,
1993-02-01,3231.0,1374.0,1319.0,24.0,5948.0,1759.0,
1993-03-01,3734.0,1209.0,1750.0,23.0,6716.0,1671.0,
1993-04-01,4076.0,1422.0,1841.0,23.0,7362.0,1671.0,
1993-05-01,4538.0,1678.0,1953.0,23.0,8192.0,1646.0,
1993-06-01,4870.0,2424.0,2026.0,23.0,9343.0,1544.0,
1993-07-01,5387.0,3251.0,2151.0,23.0,10812.0,1470.0,
1993-08-01,5178.0,3450.0,2132.0,23.0,10783.0,1507.0,
1993-09-01,5381.0,3108.0,2161.0,23.0,10673.0,1494.0,
1993-10-01,4714.0,2100.0,1885.0,23.0,8722.0,1450.0,
1993-11-01,4387.0,1435.0,1819.0,23.0,7664.0,1554.0,
1993-12-01,4071.0,1336.0,1711.0,23.0,7141.0,1702.0,
1994-01-01,3964.0,1438.0,1670.0,24.0,7096.0,1901.0,
1994-02-01,3594.0,1333.0,1250.0,23.0,6200.0,1860.0,
1994-03-01,3879.0,1391.0,1518.0,24.0,6812.0,1826.0,
1994-04-01,4573.0,1622.0,1781.0,24.0,8000.0,1843.0,
1994-05-01,5123.0,2267.0,1931.0,24.0,9345.0,1685.0,
1994-06-01,5339.0,2824.0,1966.0,24.0,10153.0,1662.0,
1994-07-01,5489.0,3219.0,1962.0,23.0,10693.0,1601.0,
1994-08-01,5435.0,3085.0,2004.0,23.0,10547.0,1602.0,
1994-09-01,5702.0,3218.0,2031.0,23.0,10974.0,1626.0,
1994-10-01,5178.0,2428.0,1916.0,24.0,9546.0,1661.0,
1994-11-01,4671.0,1591.0,1725.0,23.0,8010.0,1719.0,
1994-12-01,4559.0,1413.0,1682.0,23.0,7677.0,1741.0,
1995-01-01,4183.0,1526.0,1537.0,24.0,7270.0,2019.0,
1995-02-01,3795.0,1575.0,1166.0,23.0,6559.0,2018.0,
1995-03-01,4078.0,1452.0,1437.0,24.0,6991.0,1992.0,
1995-04-01,4430.0,1593.0,1564.0,24.0,7611.0,1973.0,
1995-05-01,5254.0,2006.0,1819.0,24.0,9103.0,1792.0,
1995-06-01,5858.0,3104.0,1919.0,23.0,10904.0,1748.0,
1995-07-01,5844.0,3486.0,1933.0,24.0,11287.0,1697.0,
1995-08-01,5709.0,3249.0,1886.0,24.0,10868.0,1695.0,
1995-09-01,5967.0,3419.0,1912.0,24.0,11322.0,1690.0,
1995-10-01,5480.0,2498.0,1832.0,24.0,9834.0,1709.0,
1995-11-01,5002.0,1773.0,1736.0,23.0,8534.0,1805.0,
1995-12-01,4308.0,1383.0,1481.0,24.0,7196.0,1832.0,
1996-01-01,4495.0,1549.0,1510.0,24.0,7578.0,2128.0,
1996-02-01,4147.0,1516.0,1343.0,24.0,7030.0,2118.0,
1996-03-01,4347.0,1734.0,1346.0,24.0,7451.0,2123.0,
1996-04-01,4773.0,1737.0,1584.0,24.0,8118.0,2194.0,
1996-05-01,5342.0,1805.0,1673.0,24.0,8844.0,1919.0,
1996-06-01,5867.0,2893.0,1788.0,24.0,10572.0,1809.0,
1996-07-01,6402.0,3847.0,1908.0,24.0,12181.0,1763.0,
1996-08-01,6510.0,4025.0,1985.0,24.0,12544.0,1710.0,
1996-09-01,6134.0,3700.0,1815.0,24.0,11673.0,1742.0,
1996-10-01,6090.0,2767.0,1779.0,24.0,10660.0,1762.0,
1996-11-01,5615.0,2122.0,1731.0,24.0,9492.0,1842.0,
1996-12-01,4743.0,1500.0,1473.0,24.0,7740.0,1878.0,
1997-01-01,4843.0,1663.0,1484.0,24.0,8014.0,2230.0,
1997-02-01,4244.0,1666.0,1151.0,24.0,7085.0,2160.0,
1997-03-01,4352.0,1454.0,1275.0,25.0,7106.0,2178.0,
1997-04-01,5454.0,1715.0,1699.0,25.0,8893.0,2194.0,
1997-05-01,5972.0,2132.0,1715.0,25.0,9844.0,2014.0,
1997-06-01,5972.0,2923.0,1634.0,25.0,10554.0,1945.0,
1997-07-01,6811.0,3631.0,1787.0,25.0,12254.0,1852.0,
1997-08-01,6449.0,3694.0,1724.0,25.0,11892.0,1771.0,
1997-09-01,6463.0,3662.0,1728.0,39.0,11892.0,1766.0,
1997-10-01,6457.0,2768.0,1713.0,24.0,10962.0,1868.0,
1997-11-01,5525.0,1991.0,1535.0,25.0,9076.0,1957.0,
1997-12-01,5309.0,1639.0,1520.0,26.0,8494.0,1972.0,
1998-01-01,4922.0,1724.0,1373.0,25.0,8044.0,2270.0,
1998-02-01,4823.0,1858.0,1195.0,25.0,7901.0,2226.0,
1998-03-01,4970.0,1668.0,1389.0,26.0,8053.0,2232.0,
1998-04-01,5869.0,2043.0,1598.0,25.0,9535.0,2252.0,
1998-05-01,6302.0,2615.0,1542.0,26.0,10485.0,2024.0,
1998-06-01,6797.0,3313.0,1737.0,26.0,11873.0,1972.0,
1998-07-01,7361.0,4091.0,1801.0,26.0,13279.0,1852.0,
1998-08-01,7388.0,4616.0,1765.0,26.0,13795.0,1719.0,
1998-09-01,7056.0,3877.0,1684.0,26.0,12643.0,1725.0,
1998-10-01,6771.0,3279.0,1545.0,26.0,11621.0,1770.0,
1998-11-01,6011.0,1863.0,1481.0,26.0,9381.0,1926.0,
1998-12-01,5588.0,1847.0,1380.0,25.0,8840.0,1975.0,
1999-01-01,5268.0,1521.0,1277.0,26.0,8092.0,2315.0,
1999-02-01,4818.0,1799.0,1225.0,26.0,7868.0,2248.0,
1999-03-01,5463.0,1395.0,1277.0,26.0,8161.0,2266.0,
1999-04-01,6187.0,2288.0,1457.0,26.0,9958.0,2342.0,
1999-05-01,6235.0,1885.0,1423.0,26.0,9569.0,2125.0,
1999-06-01,6921.0,3385.0,1554.0,26.0,11886.0,2076.0,
1999-07-01,7650.0,3942.0,1658.0,26.0,13276.0,1911.0,
1999-08-01,7370.0,4560.0,1661.0,26.0,13617.0,1790.0,
1999-09-01,7288.0,3474.0,1575.0,27.0,12364.0,1768.0,
1999-10-01,6859.0,3445.0,1525.0,26.0,11855.0,1820.0,
1999-11-01,6334.0,1650.0,1519.0,26.0,9529.0,1983.0,
1999-12-01,5637.0,2056.0,1397.0,25.0,9115.0,2043.0,
2000-01-01,5612.0,1459.0,1377.0,26.0,8473.1184,2433.0,
2000-02-01,5101.0,2003.0,1127.0,26.0,8258.0,2391.0,
2000-03-01,5465.0,1862.0,1342.0,26.0,8696.2212,2408.0,
2000-04-01,5972.0,1727.0,1398.0,26.0,9123.0,2466.0,
2000-05-01,7016.0,2366.0,1588.0,26.0,10996.0,2219.0,
2000-06-01,7677.0,3427.0,1627.0,26.0,12757.0,2190.0,
2000-07-01,7741.0,4087.0,1626.0,32.0,13486.0,1980.0,
2000-08-01,8042.0,4147.0,1667.0,16.0,13871.1096,1885.0,
2000-09-01,7737.0,4020.0,1628.0,20.0,13405.5756,1866.0,
2000-10-01,7501.0,3432.0,1561.0,25.0,12519.0,1930.0,
2000-11-01,6513.0,2044.0,1480.0,33.0,10070.0,2107.0,
2000-12-01,5969.0,1658.0,1349.0,43.0,9019.9044,2183.0,
2001-01-01,6052.0,1633.0,1289.0,33.0,9008.1108,2511.0,
2001-02-01,5451.0,1852.0,1127.0,30.0,8461.3932,2458.0,
2001-03-01,6019.0,1766.0,1319.0,33.0,9137.0,2482.0,
2001-04-01,6262.0,1772.0,1322.0,30.0,9386.0,2540.0,
2001-05-01,7580.0,2570.0,1541.0,29.0,11719.4004,2290.0,
2001-06-01,7739.0,3212.0,1510.0,28.0,12489.9192,2245.0,
2001-07-01,8026.0,4052.0,1514.0,27.0,13619.0,2040.0,
2001-08-01,8294.0,4381.0,1567.0,29.0,14271.0,1942.0,
2001-09-01,8028.0,4015.0,1516.0,31.0,13590.0,1896.0,
2001-10-01,7736.0,3621.0,1466.0,33.0,12856.5252,1935.0,
2001-11-01,6879.0,2221.0,1357.0,31.0,10488.0,2074.0,
2001-12-01,6147.0,1704.0,1230.0,32.0,9113.0,2152.0,
2002-01-01,6094.0,1747.0,1164.0,35.0,9040.0,2516.0,
2002-02-01,5555.0,1849.0,1062.0,30.0,8496.6408,2520.0,
2002-03-01,5921.0,1714.0,1098.0,30.0,8763.0,2491.0,
2002-04-01,7202.0,2147.0,1422.0,30.0,10801.0,2561.0,
2002-05-01,7799.0,2630.0,1456.0,28.0,11913.0,2292.0,
2002-06-01,8014.0,3510.0,1460.0,27.0,13009.8528,2185.0,
2002-07-01,8610.0,4489.0,1545.0,29.0,14673.0,2001.0,
2002-08-01,8490.0,4412.0,1511.0,29.0,14442.0,1946.0,
2002-09-01,8167.0,3868.0,1430.0,30.0,13495.0,1898.0,
2002-10-01,7947.0,3210.0,1414.0,33.0,12604.5756,1941.0,
2002-11-01,6962.0,2011.0,1304.0,32.0,10309.0,2075.0,
2002-12-01,6478.0,1808.0,1246.0,33.0,9565.0,2215.0,
2003-01-01,6142.0,1884.0,1117.0,35.0,9178.0,2565.0,
2003-02-01,5795.0,1960.0,996.0,30.0,8781.0,2578.0,
2003-03-01,6212.0,1811.0,1121.0,32.0,9176.0,2650.0,
2003-04-01,6674.0,1986.0,1313.0,30.0,10003.608,2532.0,
2003-05-01,7749.0,2766.0,1343.0,29.0,11887.0,2235.0,
2003-06-01,7932.0,3424.0,1340.0,28.0,12722.5728,2290.0,
2003-07-01,8833.0,4239.0,1338.0,32.0,14442.0,2028.0,
2003-08-01,8838.0,4767.0,1264.0,30.0,14899.5072,1995.0,
2003-09-01,8440.0,4113.0,1406.0,33.0,13991.4108,1916.0,
2003-10-01,8312.0,4059.0,1405.0,34.0,13809.0816,1875.0,
2003-11-01,7231.0,1347.0,1174.0,34.0,9786.0,2066.0,
2003-12-01,6678.0,2008.0,1035.0,38.0,9759.0,2271.0,
2004-01-01,6247.0,1822.0,1111.0,34.0,9215.1288,2595.0,
2004-02-01,5780.0,2199.0,1026.0,33.0,9038.0,2651.0,
2004-03-01,6423.0,1941.0,1239.0,32.0,9635.616,2749.0,
2004-04-01,7218.0,2081.0,1150.0,33.0,10482.0,2583.0,
2004-05-01,7684.0,2347.0,1405.0,31.0,11467.0,2256.0,
2004-06-01,8543.0,3475.0,1383.0,29.0,13430.0,2308.0,
2004-07-01,9138.0,4576.0,1421.0,29.0,15164.0,2039.0,
2004-08-01,8861.0,4541.0,1412.0,31.0,14845.0,1969.0,
2004-09-01,8895.0,4039.0,1437.0,31.0,14402.0,1903.0,
2004-10-01,7931.0,3178.0,1283.0,32.0,12423.3444,1879.0,
2004-11-01,7469.0,2063.0,1290.0,34.0,10856.0,2068.0,
2004-12-01,7066.0,1870.0,1274.0,34.0,10243.35,2138.0,
2005-01-01,6403.0,1923.0,981.0,35.0,9342.7596,2602.0,
2005-02-01,5982.0,2157.0,1055.0,31.0,9223.7544,2694.0,
2005-03-01,6165.0,2205.0,998.0,32.0,9400.5036,2776.0,
2005-04-01,7173.0,2166.0,1222.0,31.0,10592.0,2611.0,
2005-05-01,8243.0,2922.0,1414.0,31.0,12610.0,2257.0,
2005-06-01,8868.0,3498.0,1326.0,29.0,13721.0,2286.0,
2005-07-01,8961.0,4402.0,1322.0,29.0,14713.0992,2016.0,
2005-08-01,9165.0,4321.0,1357.0,33.0,14876.0,1976.0,
2005-09-01,9184.0,4321.0,1401.0,32.0,14938.0,1907.0,
2005-10-01,8545.0,3519.0,1222.0,34.0,13320.0,1841.0,
2005-11-01,7814.0,2460.0,1221.0,33.0,11528.0,2076.0,
2005-12-01,6837.0,1918.0,1116.0,34.0,9905.0,2219.0,
2006-01-01,6284.0,1989.0,960.0,33.0,9266.8392,2628.0,
2006-02-01,5820.0,1881.0,916.0,36.0,8653.0,2679.0,
2006-03-01,7002.0,2161.0,1140.0,33.0,10336.0,2652.0,
2006-04-01,7523.0,2198.0,1168.0,30.0,10919.0,2532.0,
2006-05-01,8632.0,3015.0,1288.0,31.0,12966.0,2251.0,
2006-06-01,8863.0,3586.0,1287.0,30.0,13766.0,2253.0,
2006-07-01,9663.0,5007.0,1310.0,32.0,16012.7712,2034.0,
2006-08-01,9482.0,4895.0,1354.0,29.0,15758.8632,1991.0,
2006-09-01,8717.0,3866.0,1244.0,35.0,13861.2708,1911.0,
2006-10-01,8485.0,3044.0,1146.0,36.0,12710.4372,1863.0,
2006-11-01,7823.0,1804.0,1091.0,34.0,10752.0,2078.0,
2006-12-01,7075.0,1983.0,1110.0,33.0,10201.6368,2163.0,
2007-01-01,6471.0,1911.0,932.0,38.0,9350.8848,2568.0,
2007-02-01,6128.0,1820.0,918.0,32.0,8897.3964,2680.0,
2007-03-01,7230.0,2317.0,935.0,32.0,10514.0,2602.0,
2007-04-01,7305.0,2091.0,1120.0,32.0,10548.0,2574.0,
2007-05-01,8549.0,2899.0,1183.0,30.0,12662.2116,2340.0,
2007-06-01,9510.0,4166.0,1259.0,29.0,14962.9464,2257.0,
2007-07-01,10428.0,5932.0,1326.0,32.0,17718.0,2005.0,
2007-08-01,9308.0,4590.0,1160.0,32.0,15089.2272,1971.0,
2007-09-01,8717.0,3921.0,1147.0,31.0,13815.1332,1872.0,
2007-10-01,8690.0,3006.0,1063.0,36.0,12795.6924,1859.0,
2007-11-01,7493.0,1872.0,995.0,34.0,10394.0,2094.0,
2007-12-01,7327.0,1897.0,1067.0,34.0,10324.2708,2221.0,
2008-01-01,7129.0,2143.0,1029.0,36.0,10336.0788,2578.0,
2008-02-01,5979.0,2601.0,811.0,33.0,9424.0,2744.0,
2008-03-01,6897.0,2553.0,893.0,32.0,10375.0,2646.0,
2008-04-01,7991.0,2135.0,1097.0,31.0,11254.0,2635.0,
2008-05-01,8780.0,2725.0,1148.0,30.0,12682.3644,2384.0,
2008-06-01,8932.0,3460.0,1010.0,30.0,13431.2724,2333.0,
2008-07-01,9566.0,4434.0,1149.0,31.0,15180.0,2079.0,
2008-08-01,9338.0,4639.0,1070.0,31.0,15078.0,2060.0,
2008-09-01,9336.0,4805.0,1079.0,34.0,15255.0252,1926.0,
2008-10-01,8837.0,3391.0,1023.0,35.0,13286.0,1913.0,
2008-11-01,7650.0,2307.0,916.0,32.0,10904.4,2134.0,
2008-12-01,7238.0,1907.0,957.0,36.0,10138.0,2151.0,
2009-01-01,6800.0,2187.0,807.0,35.0,9830.0124,2585.0,
2009-02-01,6490.0,2375.0,693.0,32.0,9590.0,2666.0,
2009-03-01,7429.0,2312.0,888.0,33.0,10662.0,2499.0,
2009-04-01,7445.0,2155.0,953.0,31.0,10584.0,2578.0,
2009-05-01,8538.0,3035.0,943.0,29.0,12545.0,2369.0,
2009-06-01,9484.0,3943.0,1041.0,31.0,14499.0,2253.0,
2009-07-01,10038.0,4797.0,1059.0,32.0,15925.3452,2038.0,
2009-08-01,9885.0,5355.0,1053.0,33.0,16325.0964,2029.0,
2009-09-01,9512.0,4942.0,1006.0,32.0,15492.0,1932.0,
2009-10-01,8745.0,3352.0,978.0,34.0,13109.0,1887.0,
2009-11-01,7513.0,2355.0,870.0,35.0,10773.0,2109.0,
2009-12-01,6977.0,2165.0,852.0,37.0,10031.0,2329.0,
2010-01-01,6975.0,2561.0,822.0,34.0,10391.418,2588.0,
2010-02-01,6396.0,2388.0,776.0,33.0,9591.9984,2688.0,
2010-03-01,7716.0,2645.0,765.0,36.0,11162.0,2506.0,
2010-04-01,7494.0,2296.0,929.0,32.0,10751.0,2602.0,
2010-05-01,8685.0,3470.0,1002.0,31.0,13188.0,2422.0,
2010-06-01,9458.0,3661.0,1037.0,30.0,14185.314,2302.0,
2010-07-01,10186.0,5087.0,1064.0,31.0,16368.0,2052.0,
2010-08-01,10043.0,4995.0,1039.0,33.0,16110.0,2052.0,
2010-09-01,9416.0,4583.0,1002.0,33.0,15033.042,1970.0,
2010-10-01,8576.0,3193.0,917.0,34.0,12718.8756,1913.0,
2010-11-01,7494.0,2270.0,839.0,36.0,10639.0,2189.0,
2010-12-01,7445.0,2196.0,890.0,35.0,10566.0,2296.0,
2011-01-01,7083.0,2645.0,846.0,36.0,10611.0288,2710.0,
2011-02-01,5916.0,2490.0,739.0,33.0,9178.0,2783.0,
2011-03-01,7136.0,2577.0,746.0,33.0,10491.2388,2594.0,
2011-04-01,7502.0,2485.0,896.0,30.0,10913.0,2717.0,
2011-05-01,9048.0,3237.0,1016.0,32.0,13333.0,2424.0,
2011-06-01,9862.0,4271.0,1064.0,28.0,15225.0,2309.0,
2011-07-01,10097.0,4742.0,1074.0,29.0,15942.0,2075.0,
2011-08-01,10218.0,5326.0,1093.0,33.0,16669.1988,2061.0,
2011-09-01,9338.0,4392.0,996.0,31.0,14758.2,1979.0,
2011-10-01,8534.0,3008.0,867.0,35.0,12444.0,2004.0,
2011-11-01,7964.0,2557.0,883.0,34.0,11438.0,2212.0,
2011-12-01,7368.0,2141.0,884.0,35.0,10428.0,2279.0,
2012-01-01,6983.0,2586.0,780.0,37.0,10386.5544,2732.0,
2012-02-01,6507.0,2666.0,809.0,34.0,10016.0,2852.0,
2012-03-01,7294.0,2827.0,868.0,33.0,11022.5304,2686.0,
2012-04-01,7921.0,2753.0,910.0,32.0,11616.8292,2683.0,
2012-05-01,9852.0,3862.0,1047.0,31.0,14790.9528,2367.0,
2012-06-01,9824.0,4168.0,1004.0,28.0,15024.0,2258.0,
2012-07-01,10040.0,4811.0,1055.0,31.0,15937.0,2060.0,
2012-08-01,10165.0,5303.0,1054.0,31.0,16553.0,2090.0,
2012-09-01,9305.0,4448.0,1014.0,30.0,14797.0,2033.0,
2012-10-01,8706.0,3216.0,903.0,36.0,12861.0,1939.0,
2012-11-01,8022.0,2236.0,936.0,33.0,11227.0,2240.0,
2012-12-01,7431.0,2313.0,901.0,35.0,10680.0,2418.0,
2013-01-01,7105.0,2675.0,826.0,35.0,10641.0,2880.0,
2013-02-01,6435.0,2153.0,776.0,32.0,9396.0,2793.0,
2013-03-01,7746.0,2408.0,821.0,30.0,11004.3648,2360.0,
2013-04-01,7856.0,2342.0,940.0,34.0,11172.9384,2604.0,
2013-05-01,9081.0,3770.0,1023.0,30.0,13904.0,2341.0,
2013-06-01,10002.0,4326.0,1035.0,27.0,15390.0,2166.0,
2013-07-01,10076.0,4690.0,1047.0,32.0,15845.0,2012.0,
2013-08-01,9970.0,5199.0,1026.0,28.0,16223.9148,2131.0,
2013-09-01,9429.0,4257.0,981.0,34.0,14701.0,2151.0,
2013-10-01,8814.0,3370.0,924.0,35.0,13143.0,2083.0,
2013-11-01,7738.0,2499.0,879.0,33.0,11149.0,2389.0,
2013-12-01,7430.0,2251.0,912.0,37.0,10629.4932,2646.0,
2014-01-01,7049.0,2633.0,803.0,35.0,10520.7516,3071.0,
2014-02-01,6342.0,2603.0,691.0,33.0,9669.0,2971.0,
2014-03-01,7407.0,2734.0,836.0,33.0,11010.0,2590.0,
2014-04-01,7943.0,2425.0,971.0,31.0,11370.0,2660.0,
2014-05-01,9382.0,3907.0,1045.0,30.0,14362.2252,2327.0,
2014-06-01,10296.0,4664.0,1058.0,29.0,16047.0,2145.0,
2014-07-01,10508.0,5658.0,1059.0,31.0,17255.2104,1973.0,
2014-08-01,10126.0,5367.0,1071.0,30.0,16593.4404,2052.0,
2014-09-01,9798.0,5045.0,993.0,33.0,15869.5308,2084.0,
2014-10-01,8865.0,3649.0,967.0,34.0,13515.0,2012.0,
2014-11-01,7787.0,2488.0,890.0,32.0,11197.0,2358.0,
2014-12-01,7382.0,2243.0,896.0,37.0,10558.6956,2591.0,
2015-01-01,7113.0,2554.0,876.0,35.0,10578.0,3043.0,
2015-02-01,6367.0,2289.0,762.0,31.0,9449.0,2996.0,
2015-03-01,7562.0,2597.0,875.0,34.0,11067.3396,2459.0,
2015-04-01,7928.0,2661.0,871.0,31.0,11491.0,2633.0,
2015-05-01,9713.0,3896.0,1103.0,28.0,14740.0,2248.0,
2015-06-01,10701.0,4706.0,1127.0,30.0,16564.0,2112.0,
2015-07-01,10172.0,5207.0,1037.0,30.0,16444.8288,1931.0,
2015-08-01,9956.0,5535.0,1039.0,31.0,16561.0,2085.0,
2015-09-01,9637.0,4386.0,1045.0,31.0,15099.0,2074.0,
2015-10-01,8943.0,3556.0,931.0,34.0,13462.9128,2031.0,
2015-11-01,8173.0,2841.0,879.0,35.0,11928.0,2305.0,
2015-12-01,7630.0,2140.0,892.0,36.0,10698.0,2488.0,
2016-01-01,7410.0,2677.0,881.0,31.0,11000.142,2877.0,
2016-02-01,6392.0,2738.0,731.0,34.0,9895.0,3115.0,
2016-03-01,7079.0,2799.0,827.0,34.0,10739.0,2674.0,
2016-04-01,8099.0,2917.0,877.0,32.0,11925.0,2709.0,
2016-05-01,9518.0,3658.0,1041.0,32.0,14249.0,2246.0,
2016-06-01,10348.0,4819.0,1047.0,29.0,16243.0,2153.0,
2016-07-01,10536.0,5350.0,1111.0,28.0,17025.6528,1953.0,
2016-08-01,10057.0,4961.0,1034.0,32.0,16084.0,2038.0,
2016-09-01,9381.0,4595.0,989.0,32.0,14997.0,2132.0,
2016-10-01,9281.0,3858.0,980.0,35.0,14154.0,2074.0,
2016-11-01,7955.0,2615.0,861.0,35.0,11466.0,2356.0,
2016-12-01,7681.0,2131.0,875.0,35.0,10722.0,2487.0,
2017-01-01,7211.0,2455.0,843.0,34.0,10543.0,2963.0,
2017-02-01,6555.0,2205.0,764.0,36.0,9559.3644,2953.0,
2017-03-01,7492.0,2531.0,861.0,33.0,10916.4564,2609.0,
2017-04-01,7939.0,2614.0,868.0,29.0,11449.3104,2759.0,
2017-05-01,9336.0,3128.0,1021.0,32.0,13518.0936,2361.0,
2017-06-01,10183.0,4685.0,1073.0,28.0,15969.0,2251.0,
2017-07-01,10447.0,4847.0,1024.0,31.0,16349.0,2020.0,
2017-08-01,10423.0,5574.0,1055.0,31.0,17083.0,2059.0,
2017-09-01,9953.0,5244.0,1031.0,31.0,16259.0,2087.0,
2017-10-01,9256.0,3884.0,910.0,36.0,14086.0,2033.0,
2017-11-01,7665.0,2731.0,840.0,34.0,11270.0,2467.0,
2017-12-01,7432.0,2230.0,906.0,33.0,10601.0,2488.0,
2018-01-01,7503.0,2592.0,821.0,38.0,10954.0,3206.0,
2018-02-01,6372.0,2615.0,769.0,32.0,9787.3344,3187.0,
2018-03-01,7556.0,2744.0,820.0,31.0,11151.0,2560.0,
2018-04-01,8152.0,2530.0,880.0,31.0,11593.0,2680.0,
2018-05-01,10418.0,4067.0,1113.0,29.0,15627.0,2363.0,
2018-06-01,10417.0,4288.0,1051.0,28.0,15784.0,2162.0,
2018-07-01,10334.0,5370.0,1013.0,30.0,16746.0,2084.0,
2018-08-01,10452.0,5040.0,1058.0,31.0,16580.0,2149.0,
2018-09-01,9621.0,4511.0,948.0,29.0,15109.0,2174.0,
2018-10-01,8790.0,3315.0,874.0,35.0,13014.0,2133.0,
2018-11-01,8164.0,2627.0,864.0,33.0,11688.0,2443.0,
2018-12-01,7911.0,2266.0,871.0,34.0,11082.0,2409.0,
2019-01-01,7693.0,2472.0,832.0,35.0,11032.0,3144.0,
2019-02-01,6783.0,2271.0,743.0,31.0,9828.0,2925.0,
2019-03-01,8096.0,2551.0,827.0,31.0,11505.0,2451.0,
2019-04-01,8745.0,2862.0,921.0,31.0,12560.0,2663.0,
2019-05-01,9660.0,3295.0,962.0,29.0,13946.0,2318.0,
2019-06-01,10308.0,4788.0,1011.0,26.0,16133.0,2275.0,
2019-07-01,11034.0,5239.0,1033.0,32.0,17337.0,2030.0,
2019-08-01,10497.0,5497.0,1024.0,30.0,17048.0,2067.0,
2019-09-01,9827.0,4879.0,917.0,32.0,15656.0,2085.0,
2019-10-01,9265.0,4016.0,895.0,34.0,14209.0,2028.0,
2019-11-01,7712.0,2698.0,835.0,31.0,11276.0,2338.0,
2019-12-01,7543.0,2370.0,813.0,34.0,10760.0,2388.0,
2020-01-01,7646.0,2255.0,832.0,32.0,10765.0,2982.0,
2020-02-01,6659.0,2472.0,729.0,28.0,9889.0,2890.0,
2020-03-01,7457.0,2701.0,802.0,34.0,10993.0,2425.0,
2020-04-01,6976.0,2699.0,828.0,32.0,10535.0,2504.0,
2020-05-01,9182.0,4646.0,1047.0,27.0,14903.0,2173.0,
2020-06-01,10289.0,5213.0,1001.0,28.0,16531.0,2191.0,
2020-07-01,10635.0,6124.0,1014.0,28.0,17801.0,1930.0,
2020-08-01,9754.0,5466.0,1047.0,29.0,16297.0,1814.0,
2020-09-01,9063.0,5774.0,916.0,28.0,15782.0,1892.0,
2020-10-01,8234.0,4007.0,805.0,30.0,13076.0,2159.0,
2020-11-01,7762.0,2928.0,834.0,32.0,11557.0,2450.0,
2020-12-01,7384.0,2388.0,816.0,32.0,10621.0,2537.0,
2021-01-01,6909.0,3021.0,852.0,31.0,10814.0,2981.0,
2021-02-01,5989.0,2683.0,745.0,28.0,9445.0,2844.0,
2021-03-01,7814.0,2859.0,806.0,29.0,11508.0,2326.0,
2021-04-01,8386.0,2641.0,898.0,24.0,11949.0,2505.0,
2021-05-01,10230.0,5030.0,1130.0,25.0,16415.0,2124.0,
2021-06-01,10593.0,4613.0,1075.0,24.0,16305.0,1955.0,
2021-07-01,10493.0,6021.0,1039.0,25.0,17578.0,1934.0,
2021-08-01,10459.0,5453.0,1033.0,26.0,16971.0,2041.0,
2021-09-01,10246.0,5686.0,1036.0,26.0,16993.0,2000.0,
2021-10-01,9231.0,3850.0,907.0,27.0,14016.0,1848.0,
2021-11-01,7615.0,3098.0,760.0,29.0,11501.0,2505.0,
2021-12-01,7666.0,2509.0,881.0,27.0,11082.0,2614.0,
2022-01-01,7534.0,2468.0,841.0,30.0,10873.0,3055.0,
2022-02-01,6265.0,2786.0,761.0,29.0,9841.0,2849.0,
2022-03-01,6920.0,3194.0,764.0,26.0,10904.0,2422.0,
2022-04-01,7494.0,3359.0,873.0,21.0,11748.0,2467.0,
2022-05-01,9210.0,3131.0,1049.0,24.0,13414.0,2181.0,
2022-06-01,10294.0,4682.0,1044.0,22.0,16042.0,1908.0,
2022-07-01,11194.0,5675.0,1059.0,20.0,17948.0,2071.0,
2022-08-01,10754.0,5226.0,1074.0,23.0,17076.0,1968.0,
2022-09-01,9895.0,5603.0,935.0,24.0,16456.0,1877.0,
2022-10-01,9065.0,3685.0,938.0,26.0,13713.0,1887.0,
2022-11-01,8108.0,2991.0,894.0,24.0,12017.0,2229.0,
2022-12-01,7618.1544,2625.3432,853.1388,23.8896,11120.526,2483.0,
2023-01-01,7349.7636,2766.5424,843.0192,27.0684,10986.3936,2942.0,
2023-02-01,6692.4288,2539.98,750.6288,22.3992,10005.4368,2861.0,
2023-03-01,7954.5132,2625.2136,861.8976,4.878,11446.5024,2386.0,
2023-04-01,8281.5948,2660.6628,924.4656,35.6724,11902.3956,2540.0,
2023-05-01,10011.8232,3449.8836,1031.3244,21.9276,14514.9588,2163.0,
2023-06-01,10584.1548,4921.434,1049.5476,19.6272,16574.7636,2075.0,
2023-07-01,10987.5384,5530.626,1057.86,19.7064,17595.7308,1871.0,
2023-08-01,10854.6048,5476.4136,1051.4052,19.5192,17401.9428,1877.0,
2023-09-01,9620.4996,5067.2988,954.5472,20.9952,15663.3408,1902.0,
2023-10-01,9382.932,3768.3396,901.4004,23.292,14075.964,1895.0,
2023-11-01,8243.4672,2861.2836,838.2276,21.87,11964.8484,2219.0,
2023-12-01,7883.5788,2658.5856,861.7392,21.6396,11425.5432,2394.0,
2024-01-01,7860.672,2497.9284,891.8784,25.5708,11276.0496,2861.0,
2024-02-01,6993.1152,2666.4984,798.8436,21.0204,10479.4776,2882.0,
2024-03-01,7903.4004,3029.742,858.8592,18.1476,11810.1492,2493.0,
2024-04-01,9302.76,3410.6148,961.8156,20.1132,13695.3036,2466.0,
2024-05-01,9729.4464,3314.61,1027.1304,20.7648,14091.9516,2107.0,
2024-06-01,10067.3208,4746.582,1070.8452,17.0856,15901.8336,2122.0,
2024-07-01,11392.038,5265.378,1105.5672,18.558,17781.5412,1886.0,
2024-08-01,10677.1572,5737.77,1040.4828,18.3204,17473.7304,1890.0,
2024-09-01,10182.6432,5244.6492,1001.0556,20.1816,16448.5296,1879.0,
2024-10-01,9574.2576,4111.704,871.1964,21.0816,14578.2396,1860.0,
2024-11-01,8261.5068,2922.5952,811.4076,20.07,12015.5796,2157.0,
2024-12-01,7608.0132,2609.1684,800.2404,21.6828,11039.1048,2554.0,
2025-01-01,7515.72,2706.2568,747.3168,20.2176,10989.5112,2766.0,
2025-02-01,6872.9436,2360.4948,776.7396,21.3372,10031.5152,2852.0,
2025-03-01,7970.2776,2762.5932,803.0268,18.9936,11554.8912,2398.0,
2025-04-01,8275.0788,2848.572,894.1968,17.3592,12035.2068,2666.0,
2025-05-01,10057.2048,3905.5464,954.342,16.9452,14934.0384,2117.0,
2025-06-01,10600.9884,4441.446,1062.7164,17.154,16122.3048,2136.0,
2025-07-01,11156.8176,5232.7584,1029.6864,17.5824,17436.8448,1888.0,
2025-08-01,10494.8784,5228.0856,1056.7152,17.7336,16797.4128,1914.22,
2025-09-01,10210.9788,5209.4124,916.0056,19.5156,16355.9124,1889.21,
2025-10-01,9865.6992,4426.9884,946.494,20.0556,15259.2372,1853.13,
2025-11-01,8056.0224,2738.7864,804.9528,19.0296,11618.7912,2317.51,
2025-12-01,7772.382,2610.0072,893.9592,21.3192,11297.6676,2384.49,
2026-01-01,7903.5264,2587.5936,808.1352,20.2104,11319.4656,2756.77,
2026-02-01,7056.054,2257.254,831.6396,18.4572,10163.4048,2788.6,
